{
    "learning_rate": 0.03406497997596493,
    "num_leaves": 57,
    "min_data_in_leaf": 49,
    "feature_fraction": 0.73125636977641,
    "bagging_fraction": 0.7953290155672287,
    "lambda_l2": 0.7408694774070929
}